kernel_id,radix,eta_certified,q_certified,q_estimated
radix15,15,0.970897959213,0.970699488397,0.970897959213
radix24,24,0.974559737821,0.984176085892,0.984432109868
